org:resource,concept:name
NONE,399090
batch_00,27934
batch_01,2496
batch_02,27933
batch_03,17384
batch_04,2480
batch_05,4347
batch_06,38100
batch_07,15189
batch_08,1813
batch_09,16
batch_10,3141
batch_11,1669
batch_12,5988
batch_13,362
batch_14,78
batch_15,2
batch_16,3328
batch_17,3917
batch_18,4
batch_19,6
user_000,3722
user_001,34563
user_002,166353
user_003,116
user_004,5050
user_005,14672
user_006,17636
user_007,7853
user_008,1036
user_009,118
user_010,179
user_011,698
user_012,32707
user_013,35069
user_014,184
user_015,27941
user_016,122
user_017,25
user_018,1786
user_019,29764
user_020,39770
user_021,36
user_022,75
user_023,5137
user_024,797
user_025,36
user_026,30
user_027,279
user_028,9
user_029,71539
user_030,12761
user_031,7210
user_032,668
user_033,3632
user_034,8991
user_035,1401
user_036,14745
user_037,1400
user_038,13316
user_039,1418
user_040,17627
user_041,2019
user_042,7674
user_043,2780
user_044,2395
user_045,13652
user_046,2075
user_047,2502
user_048,2294
user_049,3552
user_050,2132
user_051,387
user_052,2923
user_053,2681
user_054,904
user_055,1
user_056,4379
user_057,16089
user_058,8008
user_059,7639
user_060,10132
user_061,3911
user_062,4731
user_063,3980
user_064,6573
user_065,4446
user_066,5712
user_067,2944
user_068,4625
user_069,266
user_070,4491
user_071,2745
user_072,830
user_073,763
user_074,1204
user_075,6603
user_076,528
user_077,5837
user_078,2095
user_079,5261
user_080,3803
user_081,380
user_082,794
user_083,131
user_084,9064
user_085,3029
user_086,3133
user_087,2044
user_088,1490
user_089,6713
user_090,81
user_091,1319
user_092,807
user_093,287
user_094,2717
user_095,4267
user_096,2776
user_097,3934
user_098,1738
user_099,573
user_100,449
user_101,592
user_102,4931
user_103,496
user_104,2721
user_105,1764
user_106,355
user_107,7150
user_108,979
user_109,2290
user_110,1020
user_111,40
user_112,912
user_113,1283
user_114,70
user_115,256
user_116,300
user_117,922
user_118,90
user_119,471
user_120,3128
user_121,1425
user_122,214
user_123,158
user_124,756
user_125,83
user_126,1057
user_127,2799
user_128,213
user_129,18
user_130,576
user_131,166
user_132,3
user_133,1616
user_134,1296
user_135,1688
user_136,2093
user_137,1353
user_138,2121
user_139,140
user_140,688
user_141,749
user_142,4845
user_143,13
user_144,1807
user_145,262
user_146,218
user_147,6513
user_148,2517
user_149,65
user_150,11
user_151,80
user_152,3860
user_153,986
user_154,543
user_155,445
user_156,790
user_157,1009
user_158,4461
user_159,1177
user_160,45
user_161,499
user_162,711
user_163,156
user_164,3612
user_165,47
user_166,82
user_167,5779
user_168,3803
user_169,187
user_170,134
user_171,2019
user_172,4157
user_173,250
user_174,97
user_175,400
user_176,725
user_177,1451
user_178,7383
user_179,78
user_180,235
user_181,145
user_182,270
user_183,19
user_184,273
user_185,156
user_186,953
user_187,662
user_188,4333
user_189,363
user_190,2231
user_191,274
user_192,1059
user_193,911
user_194,186
user_195,1523
user_196,469
user_197,316
user_198,431
user_199,67
user_200,5699
user_201,1231
user_202,621
user_203,499
user_204,2053
user_205,64
user_206,115
user_207,399
user_208,722
user_209,69
user_210,477
user_211,774
user_212,139
user_213,92
user_214,342
user_215,485
user_216,207
user_217,90
user_218,130
user_219,1
user_220,269
user_221,148
user_222,251
user_223,123
user_224,142
user_225,64
user_226,13
user_227,4
user_228,9
user_229,26
user_230,6
user_231,177
user_232,177
user_233,205
user_234,495
user_235,28336
user_236,94
user_237,10
user_238,160
user_239,132
user_240,320
user_241,14
user_242,31
user_243,2277
user_244,116
user_245,1
user_246,16
user_247,19
user_248,48
user_249,1271
user_250,536
user_251,325
user_252,3056
user_253,21
user_254,57
user_255,86
user_256,32
user_257,1069
user_258,906
user_259,37
user_260,41
user_261,38
user_262,772
user_263,685
user_264,111
user_265,66
user_266,85
user_267,814
user_268,32
user_269,438
user_270,56
user_271,79
user_272,105
user_273,219
user_274,34
user_275,52
user_276,9
user_277,1277
user_278,14
user_279,44
user_280,609
user_281,15
user_282,1
user_283,163
user_284,71
user_285,47
user_286,4461
user_287,14
user_288,291
user_289,15
user_290,27
user_291,26
user_292,150
user_293,176
user_294,279
user_295,14
user_296,4
user_297,8
user_298,1
user_299,336
user_300,108
user_301,25
user_302,33
user_303,11
user_304,566
user_305,51
user_306,178
user_307,271
user_308,457
user_309,32
user_310,8
user_311,296
user_312,63
user_313,46
user_314,44
user_315,2
user_316,42
user_317,378
user_318,61
user_319,78
user_320,136
user_321,213
user_322,608
user_323,38
user_324,77
user_325,2091
user_326,86
user_327,426
user_328,45
user_329,104
user_330,54
user_331,78
user_332,1623
user_333,106
user_334,1
user_335,887
user_336,32
user_337,82
user_338,3
user_339,1
user_340,1
user_341,1
user_342,41
user_343,1
user_344,66
user_345,163
user_346,102
user_347,48
user_348,30
user_349,103
user_350,101
user_351,12
user_352,70
user_353,176
user_354,2
user_355,204
user_356,36
user_357,10
user_358,99
user_359,801
user_360,229
user_361,34
user_362,52
user_363,371
user_364,50
user_365,31
user_366,13
user_367,47
user_368,45
user_369,71
user_370,2900
user_371,25
user_372,443
user_373,213
user_374,2341
user_375,458
user_376,40
user_377,773
user_378,33
user_379,9
user_380,48
user_381,182
user_382,6
user_383,15
user_384,407
user_385,2
user_386,2
user_387,53
user_388,345
user_389,7
user_390,8
user_391,74
user_392,115
user_393,3
user_394,31
user_395,7
user_396,3
user_397,1
user_398,8
user_399,12
user_400,309
user_401,6
user_402,6
user_403,11
user_404,22
user_405,2
user_406,1
user_407,1371
user_408,1
user_409,1
user_410,31
user_411,77
user_412,25
user_413,7
user_414,1
user_415,1
user_416,46
user_417,1024
user_418,1
user_419,58
user_420,1
user_421,469
user_422,1
user_423,2
user_424,447
user_425,1
user_426,1
user_427,28
user_428,267
user_429,1123
user_430,307
user_431,3
user_432,615
user_433,775
user_434,73
user_435,94
user_436,368
user_437,8
user_438,4
user_439,116
user_440,159
user_441,90
user_442,4
user_443,1
user_444,4
user_445,20
user_446,557
user_447,217
user_448,46
user_449,1066
user_450,201
user_451,10874
user_452,46
user_453,1610
user_454,40
user_455,40
user_456,27
user_457,211
user_458,56
user_459,35
user_460,61
user_461,464
user_462,154
user_463,37
user_464,260
user_465,93
user_466,139
user_467,24
user_468,151
user_469,128
user_470,88
user_471,81
user_472,23
user_473,42
user_474,9
user_475,78
user_476,50
user_477,18
user_478,22
user_479,20
user_480,224
user_481,43
user_482,82
user_483,27
user_484,222
user_485,424
user_486,160
user_487,17
user_488,134
user_489,1
user_490,29
user_491,6
user_492,12
user_493,63
user_494,14
user_495,40
user_496,34
user_497,167
user_498,33
user_499,18
user_500,62
user_501,30
user_502,27
user_503,20
user_504,9
user_505,46
user_506,19
user_507,26
user_508,6
user_509,182
user_510,381
user_511,16
user_512,19
user_513,23
user_514,48
user_515,13
user_516,19
user_517,3
user_518,16
user_519,139
user_520,13
user_521,20
user_522,2
user_523,40
user_524,649
user_525,61
user_526,2
user_527,9
user_528,8
user_529,3
user_530,142
user_531,4
user_532,4
user_533,5
user_534,1
user_535,18
user_536,34
user_537,40
user_538,6
user_539,129
user_540,1
user_541,2
user_542,1
user_543,9
user_544,41
user_545,44
user_546,7
user_547,22
user_548,2
user_549,12
user_550,13
user_551,26
user_552,40
user_553,1
user_554,9
user_555,4
user_556,3
user_557,9
user_558,12
user_559,5
user_560,1
user_561,3
user_562,1
user_563,23
user_564,13
user_565,5
user_566,3
user_567,21
user_568,14
user_569,18
user_570,4
user_571,3
user_572,391
user_573,3
user_574,845
user_575,1
user_576,4
user_577,10
user_578,11
user_579,4
user_580,5
user_581,9
user_582,1
user_583,2
user_584,1
user_585,2
user_586,1
user_587,1
user_588,5
user_589,5
user_590,1
user_591,430
user_592,183
user_593,1
user_594,1
user_595,1
user_596,1
user_597,62
user_598,5
user_599,1
user_600,2
user_601,31
user_602,2101
user_603,2074
user_604,251
user_605,13
user_606,1
